strategy_name,timeframe,direction,max_holding_bars,total_signals,suggested_stop_loss_atr,suggested_take_profit_atr,trend_potential_score,p75_mae_atr,p90_mfe_atr,reached_5r_rate,reached_8r_rate,average_close_pnl_at_horizon_atr,median_bars_to_mfe,notes
donchian_100,H1,long,24,1919,4.0,6.5,5.016,3.769119317998488,6.711971684945201,0.20323084940072955,0.06618030224075039,0.4314848129110244,12.0,wide stop needed
donchian_100,H1,long,48,1919,5.0,9.5,7.74,5.537364641090415,9.603280821164045,0.36685773840541946,0.15737363210005212,0.631364808499451,24.0,strong trend potential; wide stop needed
donchian_100,H1,long,72,1918,5.0,12.5,10.602,6.72853245608154,12.279488817502378,0.467674661105318,0.24661105318039625,0.8503888376102747,38.0,strong trend potential; wide stop needed
donchian_100,H1,long,120,1918,5.0,16.5,14.659,8.832922999990881,16.311398968942296,0.5948905109489051,0.3894681960375391,1.2321848011228356,58.0,strong trend potential; wide stop needed
donchian_100,H1,long,240,1918,5.0,20.0,24.829,12.957553000896475,27.254064642752514,0.708029197080292,0.5531803962460897,2.19047233061343,123.0,strong trend potential; wide stop needed
donchian_100,H1,long,480,1918,5.0,20.0,44.311,17.684712360903717,44.91694554935186,0.7956204379562044,0.6767466110531803,4.917937932356964,252.5,strong trend potential; wide stop needed
donchian_100,H1,short,24,1132,3.5,6.0,3.798,3.5064418588869577,6.230953606860414,0.15459363957597172,0.05653710247349823,0.05789200888306178,9.0,wide stop needed
donchian_100,H1,short,48,1129,5.0,8.5,4.672,5.131976814308165,8.32740823021255,0.25066430469441986,0.10894596988485385,-0.08974838684708591,19.0,strong trend potential; wide stop needed
donchian_100,H1,short,72,1129,5.0,11.0,6.824,6.634299396220602,10.828056732125864,0.36581045172719223,0.183348095659876,0.03364574336899023,31.0,strong trend potential; wide stop needed
donchian_100,H1,short,120,1129,5.0,14.0,8.585,8.497261949256725,14.232960424799696,0.46235606731620904,0.2807794508414526,-0.34235175298600456,53.0,strong trend potential; wide stop needed
donchian_100,H1,short,240,1117,5.0,18.0,5.155,13.535589296718317,17.9950363693528,0.594449418084154,0.41271262309758283,-2.0792404552038675,85.0,strong trend potential; wide stop needed
donchian_100,H1,short,480,1110,5.0,20.0,1.251,19.738893255811348,24.296599280948048,0.6522522522522523,0.5072072072072072,-4.479627790323434,115.0,strong trend potential; wide stop needed; short holding preferred
donchian_100,H4,long,12,606,2.5,5.0,3.788,2.708099985713213,5.0053917324175305,0.10231023102310231,0.028052805280528052,0.4563830715695214,6.0,wide stop needed
donchian_100,H4,long,24,606,4.0,8.5,7.747,3.768648338909533,8.551430357992132,0.2508250825082508,0.11221122112211221,0.6438937133080322,13.0,strong trend potential; wide stop needed
donchian_100,H4,long,48,606,5.0,12.0,11.778,5.621744402566254,11.99236436438571,0.4570957095709571,0.22772277227722773,1.1065048620591846,25.5,strong trend potential; wide stop needed
donchian_100,H4,long,72,606,5.0,15.5,16.385,7.040309108981765,15.443544347001948,0.5396039603960396,0.3465346534653465,1.8721213832880383,36.5,strong trend potential; wide stop needed
donchian_100,H4,long,120,606,5.0,20.0,24.82,9.50712049529027,23.32984980895212,0.6501650165016502,0.4735973597359736,2.777554885099931,63.5,strong trend potential; wide stop needed
donchian_100,H4,long,240,606,5.0,20.0,40.336,11.206113651437317,33.58059790451955,0.7524752475247525,0.6204620462046204,5.6143846455048925,132.5,strong trend potential; wide stop needed
donchian_100,H4,short,12,315,2.5,4.0,1.411,2.620729566302476,3.833810301294103,0.06031746031746032,0.015873015873015872,-0.06915380644656312,5.0,wide stop needed
donchian_100,H4,short,24,315,3.5,6.0,3.321,3.6115754142172145,6.148351201332397,0.11428571428571428,0.06031746031746032,-0.017476984509572965,11.0,wide stop needed
donchian_100,H4,short,48,313,5.0,7.0,0.58,5.3146829981040735,6.900256958611488,0.16613418530351437,0.07028753993610223,-1.0458069563401526,18.0,wide stop needed
donchian_100,H4,short,72,306,5.0,8.5,-1.096,7.318676184748375,8.290080617263735,0.2647058823529412,0.10457516339869281,-1.876687998661401,21.0,strong trend potential; wide stop needed; short holding preferred
donchian_100,H4,short,120,304,5.0,11.0,-3.282,10.18170193240082,10.758666167439472,0.33881578947368424,0.22039473684210525,-3.268440614208756,26.0,strong trend potential; wide stop needed; short holding preferred
donchian_100,H4,short,240,301,5.0,15.0,-2.626,15.661699699643181,15.199087330870853,0.4717607973421927,0.34551495016611294,-3.061805754740074,44.0,strong trend potential; wide stop needed; short holding preferred
donchian_40,H1,long,24,2859,4.0,6.5,4.525,3.860062286717829,6.566450901858842,0.1969220006995453,0.0584120321790836,0.34038127790296224,12.0,wide stop needed
donchian_40,H1,long,48,2859,5.0,9.5,7.455,5.523282457386445,9.327305320115483,0.36306400839454356,0.14865337530605108,0.6534587206168805,24.0,strong trend potential; wide stop needed
donchian_40,H1,long,72,2858,5.0,12.0,10.152,6.688633383086974,11.905886838568593,0.45906228131560534,0.23792862141357593,0.8354166594036403,38.0,strong trend potential; wide stop needed
donchian_40,H1,long,120,2855,5.0,16.0,14.26,8.554182939898904,15.922126119946139,0.5772329246935202,0.3751313485113835,1.1661163049139356,60.0,strong trend potential; wide stop needed
donchian_40,H1,long,240,2852,5.0,20.0,23.586,12.755749063450699,26.10422674258677,0.6984572230014026,0.5480364656381487,2.077625722171407,127.5,strong trend potential; wide stop needed
donchian_40,H1,long,480,2845,5.0,20.0,42.502,17.450893710498296,43.36584290918173,0.795079086115993,0.675219683655536,4.677775082703765,250.0,strong trend potential; wide stop needed
donchian_40,H1,short,24,1939,3.5,6.0,3.326,3.5599760690102267,5.976591808620554,0.1557503867973182,0.04847859721505931,-0.002395027105858623,9.0,wide stop needed
donchian_40,H1,short,48,1935,5.0,8.0,4.152,5.182832200947284,8.066541722913511,0.2614987080103359,0.10284237726098192,-0.19739757522618295,20.0,strong trend potential; wide stop needed
donchian_40,H1,short,72,1933,5.0,10.0,5.307,6.574343616617323,9.774183393693809,0.3610967408173823,0.16709777547853077,-0.1699954084357227,30.0,strong trend potential; wide stop needed
donchian_40,H1,short,120,1933,5.0,13.5,7.678,8.733496194228936,13.656228079784446,0.4650801862390067,0.28246249353336783,-0.3997774737010535,52.0,strong trend potential; wide stop needed
donchian_40,H1,short,240,1921,5.0,17.5,5.629,13.174929555828761,17.548634886831362,0.5965642894325872,0.415929203539823,-1.813041560212682,93.0,strong trend potential; wide stop needed
donchian_40,H1,short,480,1911,5.0,20.0,4.243,19.54061023101476,25.702177464914662,0.6813186813186813,0.5264259549973835,-3.901103713334221,156.0,strong trend potential; wide stop needed; short holding preferred
donchian_40,H4,long,12,916,2.5,4.5,3.027,2.712019687419639,4.625499669220751,0.08296943231441048,0.02292576419213974,0.32205388521064626,6.0,wide stop needed
donchian_40,H4,long,24,916,4.0,7.5,6.36,3.7729636936565094,7.602351611439451,0.22161572052401746,0.09388646288209607,0.5405724052340458,12.0,strong trend potential; wide stop needed
donchian_40,H4,long,48,916,5.0,12.0,11.163,5.635753075260368,11.967254034936294,0.4126637554585153,0.2096069868995633,0.9614994226090287,25.0,strong trend potential; wide stop needed
donchian_40,H4,long,72,916,5.0,16.5,16.484,6.937335032540723,16.312154426665664,0.4912663755458515,0.31004366812227074,1.6417384671111366,38.0,strong trend potential; wide stop needed
donchian_40,H4,long,120,916,5.0,20.0,23.79,9.121567828966903,22.752863577808853,0.5982532751091703,0.4268558951965066,2.60241322619754,64.0,strong trend potential; wide stop needed
donchian_40,H4,long,240,915,5.0,20.0,39.107,11.365935307938386,33.450133944749346,0.7234972677595628,0.5693989071038251,5.356327410221487,130.0,strong trend potential; wide stop needed
donchian_40,H4,short,12,517,2.5,4.0,1.027,2.6708986520319784,3.769525794805069,0.058027079303675046,0.015473887814313346,-0.1981749731155287,5.0,wide stop needed
donchian_40,H4,short,24,517,4.0,6.0,2.93,3.907615780165626,6.224352467626343,0.12379110251450677,0.058027079303675046,-0.11514884486771619,10.0,wide stop needed
donchian_40,H4,short,48,515,5.0,7.0,1.145,5.495302261924235,7.16921027881498,0.2,0.0854368932038835,-0.9205484082480669,19.0,strong trend potential; wide stop needed
donchian_40,H4,short,72,508,5.0,9.0,0.407,7.301942099250476,8.898235742445419,0.3051181102362205,0.12992125984251968,-1.5945555738159798,24.0,strong trend potential; wide stop needed
donchian_40,H4,short,120,506,5.0,11.5,-1.217,10.180690919525336,11.427958140034505,0.37549407114624506,0.2509881422924901,-2.735937345380594,29.0,strong trend potential; wide stop needed; short holding preferred
donchian_40,H4,short,240,498,5.0,15.5,-3.057,16.16565070826345,15.565376538100175,0.4939759036144578,0.3674698795180723,-3.318482234133401,60.0,strong trend potential; wide stop needed; short holding preferred
donchian_55,H1,long,24,2460,4.0,6.5,4.441,3.8782399183163596,6.526742316372978,0.1943089430894309,0.05894308943089431,0.33100706675512304,12.0,wide stop needed
donchian_55,H1,long,48,2460,5.0,9.5,7.087,5.594308693815934,9.261281541605904,0.3548780487804878,0.1467479674796748,0.5600236201716841,24.0,strong trend potential; wide stop needed
donchian_55,H1,long,72,2459,5.0,12.0,9.764,6.737781623637175,11.847265971595778,0.45180967873119154,0.23464823098820659,0.719764360718637,37.0,strong trend potential; wide stop needed
donchian_55,H1,long,120,2456,5.0,16.0,13.689,8.77115171138055,15.847609495754806,0.5745114006514658,0.3745928338762215,1.0336112817685503,59.0,strong trend potential; wide stop needed
donchian_55,H1,long,240,2454,5.0,20.0,23.332,12.957959178841403,26.284309639898904,0.6960065199674002,0.5509372453137734,1.9582458874197572,126.0,strong trend potential; wide stop needed
donchian_55,H1,long,480,2451,5.0,20.0,42.81,17.58599225007236,43.789566450803086,0.7890656874745002,0.6748266013871889,4.700444095651655,247.0,strong trend potential; wide stop needed
donchian_55,H1,short,24,1589,3.5,6.0,3.224,3.564507404173308,5.8779194507844625,0.1485210824417873,0.04782882315921964,0.014729689539434723,9.0,wide stop needed
donchian_55,H1,short,48,1585,5.0,8.0,4.149,5.1176216324057675,7.970869175014711,0.25110410094637226,0.09905362776025237,-0.15173582151444523,20.0,strong trend potential; wide stop needed
donchian_55,H1,short,72,1583,5.0,10.0,5.699,6.380272780053934,9.764568169865612,0.36197094125078966,0.16803537586860393,-0.07077082239389518,30.0,strong trend potential; wide stop needed
donchian_55,H1,short,120,1583,5.0,13.5,8.317,8.502850234760707,13.65304672945924,0.46430827542640557,0.28427037271004424,-0.19821080027754565,54.0,strong trend potential; wide stop needed
donchian_55,H1,short,240,1571,5.0,17.5,5.862,13.02030365080165,17.58643544718641,0.5957988542329726,0.4156588160407384,-1.7904044600933804,92.0,strong trend potential; wide stop needed
donchian_55,H1,short,480,1562,5.0,20.0,3.918,19.176157501557118,25.18335049060141,0.6728553137003841,0.5179257362355953,-3.9443204617308276,144.0,strong trend potential; wide stop needed; short holding preferred
donchian_55,H4,long,12,815,2.5,5.0,3.37,2.707613605497803,4.828883115402742,0.08834355828220859,0.025766871165644172,0.3705804985643162,6.0,wide stop needed
donchian_55,H4,long,24,815,4.0,8.0,7.148,3.793298245030835,8.19411698905429,0.23558282208588957,0.10184049079754601,0.5968003136065024,12.0,strong trend potential; wide stop needed
donchian_55,H4,long,48,815,5.0,12.0,11.3,5.551977303744314,11.980452231596882,0.4233128834355828,0.2085889570552147,0.9634786833145155,25.0,strong trend potential; wide stop needed
donchian_55,H4,long,72,815,5.0,16.0,16.464,6.929141430712441,16.179283507424817,0.5030674846625767,0.3116564417177914,1.665925271639843,36.0,strong trend potential; wide stop needed
donchian_55,H4,long,120,815,5.0,20.0,23.672,9.206333973518312,22.714661825842075,0.6134969325153374,0.4368098159509202,2.5445334558528,63.0,strong trend potential; wide stop needed
donchian_55,H4,long,240,815,5.0,20.0,39.71,11.237982912269612,33.465511906428965,0.7349693251533742,0.5828220858895705,5.522941605165819,130.0,strong trend potential; wide stop needed
donchian_55,H4,short,12,431,2.5,3.5,0.932,2.6423825779320977,3.705789913639718,0.05336426914153132,0.01160092807424594,-0.20726021210382858,5.0,wide stop needed
donchian_55,H4,short,24,431,4.0,6.0,2.451,3.942999158481909,6.005379551719121,0.11832946635730858,0.05568445475638051,-0.20921141875074264,10.0,wide stop needed
donchian_55,H4,short,48,429,5.0,7.0,0.656,5.497612102243941,7.025512958822003,0.1864801864801865,0.08158508158508158,-1.0536100863773779,18.0,strong trend potential; wide stop needed
donchian_55,H4,short,72,422,5.0,8.5,-0.561,7.336732057116251,8.707482915451184,0.2796208530805687,0.12085308056872038,-1.8874421602045042,22.5,strong trend potential; wide stop needed; short holding preferred
donchian_55,H4,short,120,420,5.0,11.0,-2.693,10.21050132459438,11.039933846612467,0.3547619047619048,0.23333333333333334,-3.170703015205714,26.0,strong trend potential; wide stop needed; short holding preferred
donchian_55,H4,short,240,416,5.0,15.5,-3.753,16.035928090804425,15.370255511062968,0.46875,0.3485576923076923,-3.526712246566859,51.0,strong trend potential; wide stop needed; short holding preferred
donchian_80,H1,long,24,2085,4.0,6.5,4.808,3.790294660272595,6.647060728994061,0.2,0.06282973621103118,0.38723470874950777,12.0,wide stop needed
donchian_80,H1,long,48,2085,5.0,9.5,7.471,5.536928565269754,9.459539688181945,0.3606714628297362,0.1539568345323741,0.5910146468635493,24.0,strong trend potential; wide stop needed
donchian_80,H1,long,72,2084,5.0,12.0,10.201,6.693215549681888,12.042071665053948,0.46017274472168906,0.24280230326295585,0.7773936945794951,37.0,strong trend potential; wide stop needed
donchian_80,H1,long,120,2082,5.0,16.0,14.041,8.877790355060544,16.012765611379855,0.5845341018251681,0.38472622478386165,1.129932604132056,59.0,strong trend potential; wide stop needed
donchian_80,H1,long,240,2082,5.0,20.0,24.41,12.957553000896475,27.050915989940492,0.7046109510086456,0.5523535062439962,2.0919895066062897,124.5,strong trend potential; wide stop needed
donchian_80,H1,long,480,2080,5.0,20.0,43.644,17.54330759412001,44.44329353991758,0.7923076923076923,0.6740384615384616,4.76503642237691,244.5,strong trend potential; wide stop needed
donchian_80,H1,short,24,1275,3.5,6.0,3.345,3.5388591888051,5.914133022416724,0.14745098039215687,0.05411764705882353,0.02758793045354072,9.0,wide stop needed
donchian_80,H1,short,48,1271,5.0,8.0,4.261,5.135212625126238,8.029866158743689,0.24390243902439024,0.10149488591660111,-0.10913785320965871,20.0,strong trend potential; wide stop needed
donchian_80,H1,short,72,1271,5.0,10.0,6.234,6.431067485645847,10.109744944900722,0.36034618410700237,0.17230527143981117,0.03999978823227351,32.0,strong trend potential; wide stop needed
donchian_80,H1,short,120,1271,5.0,14.5,9.243,8.319304823948592,14.25520563859539,0.46498819826907944,0.2824547600314713,-0.12383334659242373,57.0,strong trend potential; wide stop needed
donchian_80,H1,short,240,1259,5.0,18.0,5.991,13.238723992715808,17.967951034591906,0.5933280381254964,0.41223193010325654,-1.792391817176806,92.0,strong trend potential; wide stop needed
donchian_80,H1,short,480,1251,5.0,20.0,3.961,19.09444907996163,25.44110512493254,0.6610711430855316,0.5123900879296562,-4.052312853281669,129.0,strong trend potential; wide stop needed; short holding preferred
donchian_80,H4,long,12,665,2.5,5.0,3.667,2.70506165500953,4.957951111947194,0.09473684210526316,0.02556390977443609,0.4407692401188325,6.0,wide stop needed
donchian_80,H4,long,24,665,4.0,8.5,7.521,3.761752517291149,8.401159761849131,0.23909774436090225,0.10827067669172932,0.6379595878305722,13.0,strong trend potential; wide stop needed
donchian_80,H4,long,48,665,5.0,11.5,11.407,5.57855362238988,11.740812622300037,0.45112781954887216,0.21654135338345865,1.0705545535728545,26.0,strong trend potential; wide stop needed
donchian_80,H4,long,72,665,5.0,15.5,16.337,6.835619416533547,15.39596290464931,0.5293233082706766,0.33533834586466166,1.8238538491759588,36.0,strong trend potential; wide stop needed
donchian_80,H4,long,120,665,5.0,20.0,24.168,9.249734197574632,22.995751899474023,0.637593984962406,0.45864661654135336,2.5596355340219588,62.0,strong trend potential; wide stop needed
donchian_80,H4,long,240,665,5.0,20.0,39.383,11.070562138256633,33.062893053755616,0.7443609022556391,0.6015037593984962,5.40200815729257,128.0,strong trend potential; wide stop needed
donchian_80,H4,short,12,356,2.5,4.0,1.227,2.630618206112074,3.7726552306422194,0.05898876404494382,0.014044943820224719,-0.11741517152694295,5.0,wide stop needed
donchian_80,H4,short,24,356,4.0,6.0,2.905,3.7875511493605156,6.021666872717962,0.11797752808988764,0.056179775280898875,-0.06913378308000837,10.0,wide stop needed
donchian_80,H4,short,48,354,5.0,7.0,0.845,5.3950522647870995,6.98594842270161,0.17796610169491525,0.07627118644067797,-0.9576788218417703,17.0,wide stop needed
donchian_80,H4,short,72,347,5.0,8.5,-0.551,7.333435741034455,8.61054506333261,0.2737752161383285,0.11239193083573487,-1.7988428631968834,22.0,strong trend potential; wide stop needed; short holding preferred
donchian_80,H4,short,120,345,5.0,11.0,-2.795,10.20001690286691,11.075937123032887,0.34782608695652173,0.22608695652173913,-3.2094470743526275,26.0,strong trend potential; wide stop needed; short holding preferred
donchian_80,H4,short,240,341,5.0,15.5,-3.562,16.120818699703626,15.391372805058873,0.47214076246334313,0.34017595307917886,-3.3808607365930654,44.0,strong trend potential; wide stop needed; short holding preferred
ema_30_100,H1,long,24,358,3.5,6.0,3.84,3.4400862410644177,5.837426738564964,0.15083798882681565,0.03910614525139665,0.30245041981793896,12.0,wide stop needed
ema_30_100,H1,long,48,358,5.0,9.0,8.159,5.0231573895264106,9.2136480328585,0.33798882681564246,0.14804469273743018,0.8639304907017776,27.0,strong trend potential; wide stop needed
ema_30_100,H1,long,72,358,5.0,11.0,10.779,6.059383754496176,11.24643899801321,0.4581005586592179,0.2122905027932961,1.2429816152251434,42.0,strong trend potential; wide stop needed
ema_30_100,H1,long,120,357,5.0,15.0,14.63,7.8429310917129555,14.98821071040479,0.5798319327731093,0.36694677871148457,1.4818353480067525,64.0,strong trend potential; wide stop needed
ema_30_100,H1,long,240,357,5.0,20.0,21.893,11.439942469237351,22.371116206269534,0.7086834733893558,0.5518207282913166,2.4078828672299593,135.0,strong trend potential; wide stop needed
ema_30_100,H1,long,480,354,5.0,20.0,39.382,15.629748981489172,37.59675863953361,0.8135593220338984,0.6779661016949152,5.046716239098089,261.0,strong trend potential; wide stop needed
ema_30_100,H1,short,24,359,4.0,6.0,2.157,3.7837663796341525,5.859333023925877,0.15598885793871867,0.03064066852367688,-0.3633303278105569,10.0,wide stop needed
ema_30_100,H1,short,48,358,5.0,7.5,1.992,5.511324385599731,7.476652494675776,0.25139664804469275,0.07262569832402235,-0.7075522708844134,18.0,wide stop needed
ema_30_100,H1,short,72,358,5.0,9.0,1.725,7.179627635338086,8.788275843803813,0.3463687150837989,0.14804469273743018,-1.078575328644866,29.0,strong trend potential; wide stop needed
ema_30_100,H1,short,120,358,5.0,12.5,2.425,11.109240601690114,12.340778912345984,0.44692737430167595,0.276536312849162,-1.1267842395737206,49.0,strong trend potential; wide stop needed
ema_30_100,H1,short,240,358,5.0,17.5,2.698,15.013163210077606,17.56317965281773,0.5893854748603352,0.40782122905027934,-2.328256848180976,95.5,strong trend potential; wide stop needed
ema_30_100,H1,short,480,355,5.0,20.0,1.243,20.835308866428154,24.57664907685304,0.7070422535211267,0.543661971830986,-4.294480905270925,178.0,strong trend potential; wide stop needed
ema_30_100,H4,long,12,96,2.5,4.0,1.473,2.660212149907533,4.118165778350764,0.052083333333333336,0.010416666666666666,-0.1280332017435273,6.0,wide stop needed
ema_30_100,H4,long,24,96,4.0,5.5,1.915,3.8733337533544647,5.30843263993281,0.11458333333333333,0.03125,-0.08302398243610076,10.5,wide stop needed
ema_30_100,H4,long,48,96,5.0,10.0,6.496,6.187658024658409,9.783451606195083,0.3125,0.125,0.4500424197500634,28.5,strong trend potential; wide stop needed
ema_30_100,H4,long,72,96,5.0,12.5,10.066,6.7245751125114825,12.302874696204762,0.34375,0.22916666666666666,0.8690651417174834,41.0,strong trend potential; wide stop needed
ema_30_100,H4,long,120,96,5.0,18.0,17.535,8.167311309901747,17.9626719515526,0.4791666666666667,0.375,1.7865546189524801,63.0,strong trend potential; wide stop needed
ema_30_100,H4,long,240,95,5.0,20.0,38.497,11.36126949185645,32.200685237814675,0.6631578947368421,0.5684210526315789,5.797256416513853,119.0,strong trend potential; wide stop needed
ema_30_100,H4,short,12,97,2.0,4.0,3.035,2.022565569506207,4.156623109836386,0.05154639175257732,0.020618556701030927,0.28575043298403635,7.0,neutral profile
ema_30_100,H4,short,24,97,3.5,6.0,3.582,3.35606643049194,5.8935524845307565,0.13402061855670103,0.061855670103092786,0.0688585792952849,11.0,wide stop needed
ema_30_100,H4,short,48,97,4.5,8.0,4.639,4.365765037327193,8.034374673585548,0.25773195876288657,0.10309278350515463,-0.33958015999521624,19.0,strong trend potential; wide stop needed
ema_30_100,H4,short,72,97,5.0,9.5,4.047,6.491852556395733,9.66677882316733,0.36082474226804123,0.17525773195876287,-0.811369416640614,26.0,strong trend potential; wide stop needed
ema_30_100,H4,short,120,97,5.0,13.0,5.305,8.412704256424936,13.080239658715302,0.4329896907216495,0.26804123711340205,-1.3514672766255353,43.0,strong trend potential; wide stop needed
ema_30_100,H4,short,240,96,5.0,17.5,-1.866,15.840190544961969,17.487727364702334,0.53125,0.4166666666666667,-4.069377438078068,93.5,strong trend potential; wide stop needed
ema_50_100,H1,long,24,279,4.0,6.0,3.693,3.7567601343967576,6.116886175244794,0.16129032258064516,0.02867383512544803,0.25787229142136553,13.0,wide stop needed
ema_50_100,H1,long,48,279,5.0,9.0,7.412,5.004709047042149,9.036764710049349,0.3333333333333333,0.13620071684587814,0.6147296051390636,27.0,strong trend potential; wide stop needed
ema_50_100,H1,long,72,279,5.0,11.0,9.253,6.395545679517129,11.17670338475016,0.4336917562724014,0.21505376344086022,0.7232486600282999,41.0,strong trend potential; wide stop needed
ema_50_100,H1,long,120,278,5.0,13.5,11.354,8.129048747777395,13.442100646131596,0.5863309352517986,0.3669064748201439,0.7470893789277011,63.5,strong trend potential; wide stop needed
ema_50_100,H1,long,240,278,5.0,20.0,20.261,11.069276281513982,21.682827843064807,0.7158273381294964,0.5683453237410072,1.6868178729138144,120.5,strong trend potential; wide stop needed
ema_50_100,H1,long,480,275,5.0,20.0,32.269,16.584928899148537,33.42911135421347,0.8036363636363636,0.6945454545454546,4.021598417173862,256.0,strong trend potential; wide stop needed
ema_50_100,H1,short,24,280,3.5,5.5,2.016,3.654047313886441,5.546265772619373,0.12142857142857143,0.04642857142857143,-0.32024210453388774,10.0,wide stop needed
ema_50_100,H1,short,48,279,5.0,7.5,2.626,5.313360725666486,7.631134025804242,0.21863799283154123,0.0967741935483871,-0.5737330398176405,19.0,strong trend potential; wide stop needed
ema_50_100,H1,short,72,279,5.0,10.5,4.607,6.8740409255652875,10.363671901528228,0.3225806451612903,0.17921146953405018,-0.6242059324882576,32.0,strong trend potential; wide stop needed
ema_50_100,H1,short,120,279,5.0,13.5,5.827,9.986610095978776,13.372930215186537,0.44086021505376344,0.27956989247311825,-0.4998988280811466,52.0,strong trend potential; wide stop needed
ema_50_100,H1,short,240,279,5.0,18.5,5.739,13.91535772256156,18.35583501534349,0.5734767025089605,0.4229390681003584,-1.7664494878740784,92.0,strong trend potential; wide stop needed
ema_50_100,H1,short,480,276,5.0,20.0,4.86,19.09106504078062,24.616541758067044,0.6956521739130435,0.5652173913043478,-3.419544797843352,182.0,strong trend potential; wide stop needed
ema_50_100,H4,long,12,71,3.0,3.5,0.086,2.8533090180738165,3.303196290458683,0.056338028169014086,0.014084507042253521,-0.33698954762402905,6.0,wide stop needed
ema_50_100,H4,long,24,71,4.0,6.0,3.393,3.906856812096497,6.248941969632024,0.14084507042253522,0.07042253521126761,0.03227014664950358,11.0,wide stop needed
ema_50_100,H4,long,48,71,5.0,8.5,4.692,6.1427754390767095,8.72227513068804,0.30985915492957744,0.18309859154929578,-0.11256544920460788,24.0,strong trend potential; wide stop needed
ema_50_100,H4,long,72,71,5.0,15.5,12.444,7.442815529155363,15.550974263084164,0.36619718309859156,0.23943661971830985,0.7171035275429607,32.0,strong trend potential; wide stop needed
ema_50_100,H4,long,120,71,5.0,19.0,16.771,8.898666083260027,18.84748973552167,0.5070422535211268,0.352112676056338,1.3407711270263099,57.0,strong trend potential; wide stop needed
ema_50_100,H4,long,240,70,5.0,20.0,33.852,12.324986269198867,30.214872199447495,0.6285714285714286,0.5428571428571428,5.095556144911021,131.0,strong trend potential; wide stop needed
ema_50_100,H4,short,12,72,2.0,5.0,4.746,2.1420512812165384,4.857494230514836,0.09722222222222222,0.05555555555555555,0.6540110051333978,6.0,neutral profile
ema_50_100,H4,short,24,72,3.5,8.0,7.291,3.36559788624689,7.7877002487949865,0.18055555555555555,0.09722222222222222,0.7816832217802584,13.5,strong trend potential; wide stop needed
ema_50_100,H4,short,48,72,4.5,9.5,7.868,4.259872996252821,9.427225165368087,0.3472222222222222,0.125,0.2808192288618249,19.0,strong trend potential; wide stop needed
ema_50_100,H4,short,72,72,5.0,11.0,8.612,5.3731754672198235,11.208004895768553,0.4861111111111111,0.19444444444444445,-0.16716852792687675,26.5,strong trend potential; wide stop needed
ema_50_100,H4,short,120,72,5.0,15.0,9.488,7.770156465167115,14.982543204550065,0.5555555555555556,0.3194444444444444,-0.9315499154342921,36.5,strong trend potential; wide stop needed; short holding preferred
ema_50_100,H4,short,240,71,5.0,17.5,0.745,15.849626137678689,17.625443414178125,0.6197183098591549,0.4225352112676056,-3.022432922904171,88.0,strong trend potential; wide stop needed
ema_50_150,H1,long,24,231,3.5,6.0,3.694,3.4384868312566716,5.77495991809367,0.1471861471861472,0.030303030303030304,0.2932739759552202,12.0,wide stop needed
ema_50_150,H1,long,48,231,5.0,8.5,7.292,5.192088084204755,8.705453438773285,0.341991341991342,0.12987012987012986,0.8156211845576906,26.0,strong trend potential; wide stop needed
ema_50_150,H1,long,72,231,5.0,11.0,9.882,5.983009926598894,11.193974926291064,0.4458874458874459,0.20346320346320346,0.8331449751458798,41.0,strong trend potential; wide stop needed
ema_50_150,H1,long,120,230,5.0,14.0,12.846,8.031176436515109,14.048879803158012,0.5521739130434783,0.3695652173913043,1.2010718812803738,62.0,strong trend potential; wide stop needed
ema_50_150,H1,long,240,230,5.0,20.0,20.182,11.538133010145028,21.409577958458797,0.691304347826087,0.5478260869565217,2.1290677016868873,134.5,strong trend potential; wide stop needed
ema_50_150,H1,long,480,230,5.0,20.0,37.097,15.31474690319957,36.13714985999214,0.7913043478260869,0.6608695652173913,4.5718736337093775,272.0,strong trend potential; wide stop needed
ema_50_150,H1,short,24,232,4.0,6.0,2.692,3.783266994765804,5.775874811988605,0.1724137931034483,0.034482758620689655,-0.09850092865689408,10.5,wide stop needed
ema_50_150,H1,short,48,231,5.0,7.5,2.543,5.24642930485841,7.276082799643948,0.2683982683982684,0.07792207792207792,-0.5138680298267073,20.0,wide stop needed
ema_50_150,H1,short,72,231,5.0,10.0,5.048,6.919221212916895,10.198212385656642,0.37662337662337664,0.1774891774891775,-0.4009645788968243,31.0,strong trend potential; wide stop needed
ema_50_150,H1,short,120,231,5.0,13.5,6.852,9.575440271901911,13.673638371473382,0.47186147186147187,0.2943722943722944,-0.44988372195284665,51.0,strong trend potential; wide stop needed
ema_50_150,H1,short,240,231,5.0,18.0,5.071,14.125899332415504,17.88149847663116,0.6190476190476191,0.4069264069264069,-1.8012085480810691,89.0,strong trend potential; wide stop needed
ema_50_150,H1,short,480,231,5.0,20.0,5.833,19.951443068836294,26.949947497534687,0.70995670995671,0.5541125541125541,-3.664887617380322,184.0,strong trend potential; wide stop needed
ema_50_150,H4,long,12,59,3.0,4.5,1.787,3.0071885015162207,4.32196710786872,0.05084745762711865,0.0,0.13444758769202234,6.0,wide stop needed
ema_50_150,H4,long,24,59,4.0,7.0,5.152,4.214824798485781,7.062287299611752,0.22033898305084745,0.0847457627118644,0.4574232443299859,13.0,strong trend potential; wide stop needed
ema_50_150,H4,long,48,59,5.0,9.5,6.146,6.336664579242544,9.675123989169348,0.3389830508474576,0.2033898305084746,0.11576371241777482,23.0,strong trend potential; wide stop needed
ema_50_150,H4,long,72,59,5.0,17.5,15.543,6.795224653099328,17.251174298865354,0.423728813559322,0.22033898305084745,1.035126919123335,34.0,strong trend potential; wide stop needed
ema_50_150,H4,long,120,59,5.0,20.0,24.05,8.479563342706362,22.16541350796023,0.576271186440678,0.4067796610169492,2.8092419505689747,63.0,strong trend potential; wide stop needed
ema_50_150,H4,long,240,59,5.0,20.0,41.921,12.022367724297258,33.15020846900384,0.7288135593220338,0.6271186440677966,7.057640500449326,177.0,strong trend potential; wide stop needed; long holding preferred
ema_50_150,H4,short,12,60,2.5,5.5,4.038,2.702132363558954,5.649948434471523,0.11666666666666667,0.03333333333333333,0.21161532869715727,6.0,wide stop needed
ema_50_150,H4,short,24,60,3.5,8.0,7.235,3.444530806592163,7.883489835823287,0.23333333333333334,0.1,0.6311942563105993,11.0,strong trend potential; wide stop needed
ema_50_150,H4,short,48,60,5.0,8.0,4.663,5.05897612135093,7.912200552575846,0.2833333333333333,0.1,0.038425824000040604,17.0,strong trend potential; wide stop needed
ema_50_150,H4,short,72,60,5.0,9.5,4.216,6.196547067711952,9.582837876405447,0.43333333333333335,0.15,-0.9019714042155547,23.0,strong trend potential; wide stop needed; short holding preferred
ema_50_150,H4,short,120,60,5.0,14.0,4.328,8.947612644347709,14.236621870570028,0.5,0.3,-2.38072029967014,31.0,strong trend potential; wide stop needed; short holding preferred
ema_50_150,H4,short,240,60,5.0,16.5,-5.302,17.817076329692398,16.348369320344187,0.6,0.4,-4.316792495631719,72.5,strong trend potential; wide stop needed; short holding preferred
ema_50_200,H1,long,24,200,3.5,6.0,3.612,3.6489320855957166,5.935900478251384,0.17,0.05,0.1722833290141091,12.0,wide stop needed
ema_50_200,H1,long,48,200,5.0,9.0,6.954,5.356390022092541,9.024459717902223,0.34,0.15,0.5131955044242824,25.5,strong trend potential; wide stop needed
ema_50_200,H1,long,72,200,5.0,11.0,8.403,6.798678077825185,11.117275355770783,0.45,0.215,0.4970824911639999,40.0,strong trend potential; wide stop needed
ema_50_200,H1,long,120,199,5.0,13.5,10.93,8.531057249731607,13.492860006474707,0.5477386934673367,0.34673366834170855,0.8482954410354767,59.0,strong trend potential; wide stop needed
ema_50_200,H1,long,240,199,5.0,20.0,19.184,11.749472320833338,22.420920130401914,0.6934673366834171,0.5226130653266332,1.3013815723881372,135.0,strong trend potential; wide stop needed
ema_50_200,H1,long,480,199,5.0,20.0,30.942,17.315322212135253,34.89549229638131,0.7788944723618091,0.6582914572864321,3.1481503664574895,256.0,strong trend potential; wide stop needed
ema_50_200,H1,short,24,201,3.5,5.5,2.665,3.373327258025023,5.38518231515886,0.15920398009950248,0.029850746268656716,-0.08152790239604472,11.0,wide stop needed
ema_50_200,H1,short,48,200,5.0,7.5,3.427,5.259257829476799,7.548510690940041,0.28,0.085,-0.2460222347825676,19.5,strong trend potential; wide stop needed
ema_50_200,H1,short,72,200,5.0,10.5,5.994,6.5236905770353175,10.66234725730373,0.395,0.17,-0.372357688209842,31.5,strong trend potential; wide stop needed
ema_50_200,H1,short,120,200,5.0,14.0,8.223,8.538215701953709,14.015685068636577,0.48,0.285,-0.4422685213141589,55.5,strong trend potential; wide stop needed
ema_50_200,H1,short,240,200,5.0,19.0,8.153,13.826166808893998,19.118562001325564,0.635,0.425,-1.1147910748916863,92.0,strong trend potential; wide stop needed
ema_50_200,H1,short,480,200,5.0,20.0,8.122,19.220993561594042,26.783471321810264,0.73,0.57,-2.8902016490355504,196.5,strong trend potential; wide stop needed
ema_50_200,H4,long,12,53,3.0,4.0,1.477,2.9687502244698543,4.16280582185128,0.07547169811320754,0.0,-0.009676516545405255,7.0,wide stop needed
ema_50_200,H4,long,24,53,5.0,7.5,3.822,4.910622237974426,7.509751763945892,0.22641509433962265,0.09433962264150944,-0.12417141796139741,12.0,strong trend potential; wide stop needed
ema_50_200,H4,long,48,53,5.0,9.5,6.162,6.516534635960771,9.599595476814104,0.32075471698113206,0.22641509433962265,0.21872368718748783,18.0,strong trend potential; wide stop needed
ema_50_200,H4,long,72,53,5.0,17.5,16.842,6.904352359880827,17.59384133654955,0.39622641509433965,0.24528301886792453,1.5481021142098013,32.0,strong trend potential; wide stop needed
ema_50_200,H4,long,120,53,5.0,20.0,26.327,9.511735997013758,25.257562032123918,0.5660377358490566,0.39622641509433965,2.9700054969687035,72.0,strong trend potential; wide stop needed
ema_50_200,H4,long,240,53,5.0,20.0,41.72,12.177319869267578,33.99174272398223,0.6792452830188679,0.5849056603773585,6.839658097868707,182.0,strong trend potential; wide stop needed; long holding preferred
ema_50_200,H4,short,12,54,2.0,5.0,3.421,2.221638329701734,4.8363865502557735,0.09259259259259259,0.018518518518518517,0.16242441329715276,7.0,neutral profile
ema_50_200,H4,short,24,54,3.0,6.5,4.795,3.1705646707621433,6.4628621914196795,0.2037037037037037,0.037037037037037035,0.23274171332901575,14.0,wide stop needed
ema_50_200,H4,short,48,54,5.0,7.0,1.385,5.4892042999179935,7.16519706423215,0.2962962962962963,0.07407407407407407,-0.9604238540491686,18.5,wide stop needed
ema_50_200,H4,short,72,54,5.0,9.0,1.166,6.908447436333061,8.766357816862476,0.3333333333333333,0.1111111111111111,-1.345771188642246,19.0,strong trend potential; wide stop needed; short holding preferred
ema_50_200,H4,short,120,54,5.0,12.0,2.042,8.909816455232345,12.19338715267421,0.42592592592592593,0.2777777777777778,-2.3058835708458676,38.5,strong trend potential; wide stop needed; short holding preferred
ema_50_200,H4,short,240,54,5.0,16.5,-6.733,18.677677712885227,16.527310532508555,0.5185185185185185,0.3888888888888889,-4.495102061557668,83.0,strong trend potential; wide stop needed
supertrend_10_2,H1,long,24,1469,4.0,6.0,3.837,3.779447388298597,6.237076149053225,0.16473791695030632,0.049693669162695714,0.21088468082172634,11.0,wide stop needed
supertrend_10_2,H1,long,48,1469,5.0,9.0,6.674,5.536928565269754,9.182791668094014,0.32539142273655547,0.1415929203539823,0.438463243563199,24.0,strong trend potential; wide stop needed
supertrend_10_2,H1,long,72,1468,5.0,11.5,9.17,6.864150312372809,11.595903078734258,0.42915531335149865,0.2268392370572207,0.6803743592073203,36.0,strong trend potential; wide stop needed
supertrend_10_2,H1,long,120,1467,5.0,15.0,13.161,8.569055313301604,15.001832510606175,0.5528289025221541,0.3565098841172461,1.1887874081362695,61.0,strong trend potential; wide stop needed
supertrend_10_2,H1,long,240,1465,5.0,20.0,20.804,11.706463946696202,22.4771007181666,0.6819112627986348,0.5167235494880547,2.102579915528778,132.0,strong trend potential; wide stop needed
supertrend_10_2,H1,long,480,1461,5.0,20.0,38.342,16.08596617075028,38.3719056119153,0.784394250513347,0.6522929500342232,4.502469959425424,263.0,strong trend potential; wide stop needed
supertrend_10_2,H1,short,24,1470,4.0,6.0,2.059,4.04456746708944,5.921175824352702,0.1523809523809524,0.04353741496598639,-0.34424613247947683,9.0,wide stop needed
supertrend_10_2,H1,short,48,1469,5.0,8.5,2.935,6.086672145390156,8.354932965656186,0.29339686861810754,0.11436351259360109,-0.5963628947607164,21.0,strong trend potential; wide stop needed
supertrend_10_2,H1,short,72,1468,5.0,9.5,2.987,7.783409764828248,9.724210364861188,0.3821525885558583,0.17779291553133514,-0.7746116832892147,30.0,strong trend potential; wide stop needed
supertrend_10_2,H1,short,120,1467,5.0,13.0,3.558,10.241563579170663,12.857507048237004,0.48193592365371507,0.2719836400817996,-1.3089508583189475,48.0,strong trend potential; wide stop needed
supertrend_10_2,H1,short,240,1466,5.0,18.5,3.634,15.037260662154491,18.431642614626483,0.597544338335607,0.4147339699863574,-2.3197042527745744,92.0,strong trend potential; wide stop needed
supertrend_10_2,H1,short,480,1461,5.0,20.0,0.663,22.6784542425735,26.51009800776151,0.7002053388090349,0.5441478439425051,-4.617100199385666,175.0,strong trend potential; wide stop needed
supertrend_10_2,H4,long,12,382,2.5,4.0,2.275,2.392995614340194,4.015820774577476,0.05235602094240838,0.005235602094240838,0.2055843453335176,7.0,neutral profile
supertrend_10_2,H4,long,24,382,3.0,6.0,4.624,3.233564367616085,5.872504240285326,0.18324607329842932,0.031413612565445025,0.5317758658101903,14.0,wide stop needed
supertrend_10_2,H4,long,48,381,5.0,9.5,8.7,4.881616674994409,9.513791595846117,0.3464566929133858,0.15485564304461943,0.8762185957429981,25.0,strong trend potential; wide stop needed
supertrend_10_2,H4,long,72,381,5.0,13.0,12.038,6.148713814600818,13.068491765073112,0.4304461942257218,0.22572178477690288,1.0212148039311075,39.0,strong trend potential; wide stop needed
supertrend_10_2,H4,long,120,380,5.0,17.5,17.665,7.821444330170415,17.35735976406777,0.5447368421052632,0.32894736842105265,1.9881110714268377,64.5,strong trend potential; wide stop needed
supertrend_10_2,H4,long,240,377,5.0,20.0,31.547,10.726709767197294,27.463879665027157,0.6896551724137931,0.5225464190981433,4.458110121300795,128.0,strong trend potential; wide stop needed
supertrend_10_2,H4,short,12,383,2.5,4.0,1.007,2.5642339600625093,3.8135569241789877,0.0391644908616188,0.007832898172323759,-0.22301169217700534,5.0,wide stop needed; weak upside
supertrend_10_2,H4,short,24,382,4.0,5.5,1.675,3.7920993037797417,5.320793233203061,0.12041884816753927,0.02617801047120419,-0.2463206654860308,11.0,wide stop needed
supertrend_10_2,H4,short,48,382,5.0,8.0,2.799,5.742107593577336,7.858199220178025,0.2591623036649215,0.09424083769633508,-0.45959593751059985,21.0,strong trend potential; wide stop needed
supertrend_10_2,H4,short,72,382,5.0,9.5,3.472,6.657330810645802,9.51884106339676,0.34293193717277487,0.14921465968586387,-0.8282655454360285,28.0,strong trend potential; wide stop needed
supertrend_10_2,H4,short,120,380,5.0,13.5,3.747,9.83136330498329,13.640271150537284,0.4473684210526316,0.23684210526315788,-1.6363336937942081,48.5,strong trend potential; wide stop needed
supertrend_10_2,H4,short,240,378,5.0,17.0,-2.619,15.879752654448234,16.752050316421947,0.5661375661375662,0.36243386243386244,-3.9652799841533715,81.0,strong trend potential; wide stop needed
supertrend_10_2.5,H1,long,24,1075,3.5,6.5,3.95,3.7317180815866076,6.384702582528198,0.15534883720930232,0.04744186046511628,0.19550914216401796,11.0,wide stop needed
supertrend_10_2.5,H1,long,48,1075,5.0,9.0,6.274,5.669305139140954,9.045894351929592,0.3125581395348837,0.13116279069767442,0.4302183433157885,25.0,strong trend potential; wide stop needed
supertrend_10_2.5,H1,long,72,1075,5.0,11.5,9.133,6.764801398384174,11.457619194273002,0.4186046511627907,0.2213953488372093,0.7185192338314244,37.0,strong trend potential; wide stop needed
supertrend_10_2.5,H1,long,120,1074,5.0,14.5,12.921,8.566332394381195,14.744519797297563,0.5363128491620112,0.3472998137802607,1.2567857800555118,60.5,strong trend potential; wide stop needed
supertrend_10_2.5,H1,long,240,1073,5.0,20.0,20.65,11.470057994219557,22.343981591807445,0.6812674743709226,0.5125815470643057,1.9879986544206518,135.0,strong trend potential; wide stop needed
supertrend_10_2.5,H1,long,480,1069,5.0,20.0,38.698,15.80236790818625,38.554044994260174,0.774555659494855,0.6538821328344246,4.462400917230848,260.0,strong trend potential; wide stop needed
supertrend_10_2.5,H1,short,24,1076,4.0,6.0,1.965,3.9748050855458903,5.79564176276277,0.14312267657992564,0.04275092936802974,-0.3423320647216393,8.0,wide stop needed
supertrend_10_2.5,H1,short,48,1076,5.0,8.5,3.321,5.8156217128846786,8.307510972078177,0.2825278810408922,0.11059479553903345,-0.4824930102052152,21.0,strong trend potential; wide stop needed
supertrend_10_2.5,H1,short,72,1075,5.0,9.5,3.176,7.563551576830191,9.743058265303624,0.37116279069767444,0.17116279069767443,-0.7574617647608516,31.0,strong trend potential; wide stop needed
supertrend_10_2.5,H1,short,120,1074,5.0,13.0,3.951,10.084673501315567,12.856824294568574,0.4897579143389199,0.2718808193668529,-1.2057027650719154,49.0,strong trend potential; wide stop needed
supertrend_10_2.5,H1,short,240,1074,5.0,18.0,3.833,14.689368159832242,17.976231001102732,0.6135940409683427,0.4143389199255121,-2.1971453345886283,93.0,strong trend potential; wide stop needed
supertrend_10_2.5,H1,short,480,1070,5.0,20.0,0.66,22.539618695952527,25.537727063783635,0.7205607476635514,0.5485981308411215,-4.255856430719266,185.5,strong trend potential; wide stop needed
supertrend_10_2.5,H4,long,12,285,2.5,4.0,2.507,2.3247573339389893,4.008292534822631,0.0456140350877193,0.007017543859649123,0.29965074226511795,7.0,weak upside
supertrend_10_2.5,H4,long,24,285,3.0,6.0,4.958,3.04468656743165,5.99735843390644,0.15789473684210525,0.03859649122807018,0.5710975966794742,14.0,wide stop needed
supertrend_10_2.5,H4,long,48,284,5.0,9.0,8.721,4.766454459376978,9.113120000150523,0.3591549295774648,0.15845070422535212,0.9936387434623751,24.0,strong trend potential; wide stop needed
supertrend_10_2.5,H4,long,72,284,5.0,12.0,12.306,5.8558142799816375,12.06534724288327,0.45422535211267606,0.2535211267605634,1.3790811725246999,40.5,strong trend potential; wide stop needed
supertrend_10_2.5,H4,long,120,283,5.0,17.5,18.926,7.32953381357091,17.273121128601357,0.5512367491166078,0.3568904593639576,2.318036948205497,66.0,strong trend potential; wide stop needed
supertrend_10_2.5,H4,long,240,281,5.0,20.0,32.218,10.176965192921633,26.83828321232382,0.697508896797153,0.5444839857651246,4.749940574069065,134.0,strong trend potential; wide stop needed
supertrend_10_2.5,H4,short,12,286,2.5,3.5,0.572,2.662993264475098,3.6922140812133453,0.024475524475524476,0.006993006993006993,-0.2983118693639597,5.0,wide stop needed; weak upside
supertrend_10_2.5,H4,short,24,285,4.0,5.5,1.055,3.882926335574616,5.295885636477091,0.11929824561403508,0.021052631578947368,-0.48069517789945715,10.0,wide stop needed
supertrend_10_2.5,H4,short,48,285,5.0,7.5,1.969,6.150276592902598,7.528256089528974,0.2596491228070175,0.0912280701754386,-0.49763661716921326,19.0,strong trend potential; wide stop needed
supertrend_10_2.5,H4,short,72,285,5.0,9.0,1.309,7.271418032647305,8.852938650871042,0.3298245614035088,0.12982456140350876,-1.1856196666152776,29.0,strong trend potential; wide stop needed
supertrend_10_2.5,H4,short,120,284,5.0,12.5,1.927,9.880286406220549,12.324687750322944,0.44366197183098594,0.2112676056338028,-1.7798370878185432,48.0,strong trend potential; wide stop needed
supertrend_10_2.5,H4,short,240,282,5.0,16.0,-4.7,16.674512243483022,16.043607908011367,0.5425531914893617,0.3262411347517731,-4.098624721660715,81.0,strong trend potential; wide stop needed
supertrend_14_2,H1,long,24,1473,3.5,6.0,3.775,3.7375645716679498,6.166986785786772,0.1629327902240326,0.048879837067209775,0.2003286844710164,11.0,wide stop needed
supertrend_14_2,H1,long,48,1473,5.0,9.0,6.683,5.5273552318225665,9.170931326828557,0.32179226069246436,0.1384928716904277,0.46044453446737926,24.0,strong trend potential; wide stop needed
supertrend_14_2,H1,long,72,1472,5.0,11.5,9.265,6.83575689476171,11.563514479235026,0.42459239130434784,0.22554347826086957,0.7426526342437562,36.0,strong trend potential; wide stop needed
supertrend_14_2,H1,long,120,1471,5.0,15.0,13.279,8.538342490857364,14.976945074869555,0.5540448674371176,0.35622025832766824,1.243693688762899,62.0,strong trend potential; wide stop needed
supertrend_14_2,H1,long,240,1469,5.0,20.0,21.151,11.52035790448703,22.553234103350313,0.6807351940095303,0.517358747447243,2.145287783671511,132.0,strong trend potential; wide stop needed
supertrend_14_2,H1,long,480,1465,5.0,20.0,38.545,15.94655769820576,38.35573553842453,0.7829351535836178,0.6525597269624573,4.544468487993702,263.0,strong trend potential; wide stop needed
supertrend_14_2,H1,short,24,1474,4.0,6.0,2.0,4.04456746708944,5.879238952578184,0.15264586160108548,0.042740841248303935,-0.3508382174138219,8.0,wide stop needed
supertrend_14_2,H1,short,48,1473,5.0,8.5,2.871,6.067934639204711,8.267171689748032,0.28852681602172436,0.11337406653088934,-0.5811965389103061,21.0,strong trend potential; wide stop needed
supertrend_14_2,H1,short,72,1472,5.0,9.5,2.835,7.783409764828248,9.6710042789267,0.3797554347826087,0.17459239130434784,-0.809693053693769,30.0,strong trend potential; wide stop needed
supertrend_14_2,H1,short,120,1471,5.0,12.5,3.304,10.247012097362653,12.740182577100002,0.47926580557443915,0.2685248130523453,-1.358923432864359,47.0,strong trend potential; wide stop needed
supertrend_14_2,H1,short,240,1470,5.0,18.5,3.546,15.051613746825812,18.41270355347667,0.5952380952380952,0.4122448979591837,-2.334881535263853,92.0,strong trend potential; wide stop needed
supertrend_14_2,H1,short,480,1465,5.0,20.0,0.095,22.822595150845064,26.188809399155463,0.6996587030716723,0.5406143344709897,-4.656948533771439,174.0,strong trend potential; wide stop needed
supertrend_14_2,H4,long,12,377,2.5,4.0,2.414,2.380511791421237,4.067964293356115,0.050397877984084884,0.005305039787798408,0.24662526375356156,7.0,neutral profile
supertrend_14_2,H4,long,24,377,3.0,6.0,4.771,3.1910153350775983,5.92236566751252,0.1883289124668435,0.03183023872679045,0.5475750553555925,14.0,wide stop needed
supertrend_14_2,H4,long,48,376,5.0,9.5,8.517,4.8569334243781865,9.412787366422787,0.3617021276595745,0.15159574468085107,0.8023087376617184,25.0,strong trend potential; wide stop needed
supertrend_14_2,H4,long,72,376,5.0,12.5,11.434,6.21886694052229,12.401568862880511,0.4441489361702128,0.23138297872340424,1.0433391489791253,39.0,strong trend potential; wide stop needed
supertrend_14_2,H4,long,120,375,5.0,17.0,17.154,7.893544597214401,16.79699300344226,0.5573333333333333,0.3333333333333333,2.0105839783636146,65.0,strong trend potential; wide stop needed
supertrend_14_2,H4,long,240,372,5.0,20.0,31.134,10.701313743620775,27.00460379824641,0.6989247311827957,0.532258064516129,4.420871826802412,131.0,strong trend potential; wide stop needed
supertrend_14_2,H4,short,12,378,2.5,4.0,1.039,2.5033142834531605,3.797206511219603,0.03968253968253968,0.007936507936507936,-0.2304163589108241,5.0,wide stop needed; weak upside
supertrend_14_2,H4,short,24,377,4.0,5.5,1.726,3.7653232526232436,5.332537150849566,0.1220159151193634,0.026525198938992044,-0.2442989449550005,11.0,wide stop needed
supertrend_14_2,H4,short,48,377,5.0,8.0,2.851,5.841107133665729,7.843393853024367,0.26525198938992045,0.09283819628647215,-0.3844798427870846,21.0,strong trend potential; wide stop needed
supertrend_14_2,H4,short,72,377,5.0,9.5,3.397,6.816471114737011,9.511747612907827,0.35013262599469497,0.14854111405835543,-0.7951501160034976,29.0,strong trend potential; wide stop needed
supertrend_14_2,H4,short,120,375,5.0,13.5,3.41,9.89560118737411,13.258930502610509,0.4533333333333333,0.23733333333333334,-1.5953286375766553,48.0,strong trend potential; wide stop needed
supertrend_14_2,H4,short,240,373,5.0,16.5,-2.636,15.886697443733668,16.656723467648547,0.5603217158176944,0.3512064343163539,-3.877284752096432,78.0,strong trend potential; wide stop needed; short holding preferred
supertrend_14_2.5,H1,long,24,1071,4.0,6.5,3.822,3.7516919397219315,6.320349325223048,0.1531279178338002,0.04668534080298786,0.18042458771236997,11.0,wide stop needed
supertrend_14_2.5,H1,long,48,1071,5.0,9.0,6.208,5.6109302166627995,9.049580341396817,0.31092436974789917,0.13165266106442577,0.367910301834801,25.0,strong trend potential; wide stop needed
supertrend_14_2.5,H1,long,72,1069,5.0,11.5,8.936,6.736067847925442,11.285722113523986,0.41908325537885877,0.21983161833489243,0.6955115592405627,37.0,strong trend potential; wide stop needed
supertrend_14_2.5,H1,long,120,1069,5.0,14.5,12.376,8.566790696276273,14.46070515452471,0.5332086061739943,0.33956969130028064,1.156089019934085,61.0,strong trend potential; wide stop needed
supertrend_14_2.5,H1,long,240,1068,5.0,20.0,19.831,11.480793788056847,21.733573487617452,0.6769662921348315,0.5056179775280899,1.9182413379726841,133.0,strong trend potential; wide stop needed
supertrend_14_2.5,H1,long,480,1064,5.0,20.0,37.519,15.704711342179099,37.38386719329482,0.775375939849624,0.6513157894736842,4.415170947430457,260.5,strong trend potential; wide stop needed
supertrend_14_2.5,H1,short,24,1072,4.0,6.0,2.168,3.918202776523331,5.875054583437385,0.14738805970149255,0.04291044776119403,-0.31787000935765436,8.0,wide stop needed
supertrend_14_2.5,H1,short,48,1071,5.0,8.0,3.09,5.810741720300991,8.1888817560573,0.2801120448179272,0.10644257703081232,-0.5238479736598136,22.0,strong trend potential; wide stop needed
supertrend_14_2.5,H1,short,72,1070,5.0,9.5,3.202,7.492852547636161,9.60461696723891,0.36728971962616824,0.16728971962616823,-0.691229914584785,31.0,strong trend potential; wide stop needed
supertrend_14_2.5,H1,short,120,1069,5.0,12.5,4.073,9.9710477859534,12.721682023758303,0.4883068288119738,0.2637979420018709,-1.1069996790472456,50.0,strong trend potential; wide stop needed
supertrend_14_2.5,H1,short,240,1069,5.0,18.0,4.254,14.273787624410783,17.82499767631021,0.6145930776426567,0.4097287184284378,-2.106750936771103,95.0,strong trend potential; wide stop needed
supertrend_14_2.5,H1,short,480,1065,5.0,20.0,0.943,21.861326679957156,25.37860617697665,0.723943661971831,0.5483568075117371,-4.380297618774159,182.0,strong trend potential; wide stop needed
supertrend_14_2.5,H4,long,12,288,2.5,4.0,2.335,2.385679563299951,4.061904838789108,0.04513888888888889,0.006944444444444444,0.21810905247884543,7.0,weak upside
supertrend_14_2.5,H4,long,24,288,3.0,5.5,4.178,3.1346797449280186,5.598520501400554,0.14930555555555555,0.034722222222222224,0.4544906471037492,13.0,wide stop needed
supertrend_14_2.5,H4,long,48,287,5.0,9.0,8.0,4.87555076410673,9.067198821675927,0.34146341463414637,0.14982578397212543,0.7717081307650282,24.0,strong trend potential; wide stop needed
supertrend_14_2.5,H4,long,72,287,5.0,12.0,11.298,6.308796663857365,11.934224924976363,0.43902439024390244,0.24390243902439024,1.226694715421356,40.0,strong trend potential; wide stop needed
supertrend_14_2.5,H4,long,120,286,5.0,17.0,17.774,7.508993297614235,17.01675441926403,0.5314685314685315,0.34265734265734266,2.0424344324162482,64.0,strong trend potential; wide stop needed
supertrend_14_2.5,H4,long,240,284,5.0,20.0,31.381,10.260460550913916,26.65632720105738,0.6830985915492958,0.5246478873239436,4.552284284265336,133.5,strong trend potential; wide stop needed
supertrend_14_2.5,H4,short,12,289,2.5,3.5,0.895,2.617766035518259,3.7381097139191652,0.031141868512110725,0.006920415224913495,-0.19577206286577395,5.0,wide stop needed; weak upside
supertrend_14_2.5,H4,short,24,288,4.0,5.5,1.514,3.8016054695550237,5.352472996352375,0.13194444444444445,0.027777777777777776,-0.3655988985422349,10.0,wide stop needed
supertrend_14_2.5,H4,short,48,288,5.0,8.0,2.949,6.0104976811970126,7.942963246746866,0.2777777777777778,0.09722222222222222,-0.33873475673316417,19.0,strong trend potential; wide stop needed
supertrend_14_2.5,H4,short,72,288,5.0,9.0,1.784,7.29028757600176,8.82315141642559,0.3472222222222222,0.13541666666666666,-0.9750973553108552,30.0,strong trend potential; wide stop needed
supertrend_14_2.5,H4,short,120,287,5.0,12.5,2.833,9.29314539652044,12.315718983806645,0.4564459930313589,0.21951219512195122,-1.6659793923579607,48.0,strong trend potential; wide stop needed
supertrend_14_2.5,H4,short,240,285,5.0,16.0,-3.163,15.719917171631398,16.15647766938135,0.5508771929824562,0.3368421052631579,-3.9118906921995276,82.0,strong trend potential; wide stop needed
